<annotation>
	<folder>training</folder>
	<filename>train-10.jpg</filename>
	<path>D:\pythonProjects\Success\Data science\car-detection-dataset\car-detection-dataset\training\train-10.jpg</path>
	<source>
		<database>Unknown</database>
	</source>
	<size>
		<width>640</width>
		<height>640</height>
		<depth>3</depth>
	</size>
	<segmented>0</segmented>
	<object>
		<name>car</name>
		<pose>Unspecified</pose>
		<truncated>0</truncated>
		<difficult>0</difficult>
		<bndbox>
			<xmin>439</xmin>
			<ymin>277</ymin>
			<xmax>518</xmax>
			<ymax>333</ymax>
		</bndbox>
	</object>
</annotation>
