<annotation>
	<folder>training</folder>
	<filename>train-19.jpg</filename>
	<path>D:\pythonProjects\Success\Data science\car-detection-dataset\car-detection-dataset\training\train-19.jpg</path>
	<source>
		<database>Unknown</database>
	</source>
	<size>
		<width>640</width>
		<height>640</height>
		<depth>3</depth>
	</size>
	<segmented>0</segmented>
	<object>
		<name>car</name>
		<pose>Unspecified</pose>
		<truncated>0</truncated>
		<difficult>0</difficult>
		<bndbox>
			<xmin>93</xmin>
			<ymin>156</ymin>
			<xmax>139</xmax>
			<ymax>190</ymax>
		</bndbox>
	</object>
	<object>
		<name>car</name>
		<pose>Unspecified</pose>
		<truncated>0</truncated>
		<difficult>0</difficult>
		<bndbox>
			<xmin>486</xmin>
			<ymin>193</ymin>
			<xmax>532</xmax>
			<ymax>222</ymax>
		</bndbox>
	</object>
	<object>
		<name>car</name>
		<pose>Unspecified</pose>
		<truncated>0</truncated>
		<difficult>0</difficult>
		<bndbox>
			<xmin>560</xmin>
			<ymin>162</ymin>
			<xmax>600</xmax>
			<ymax>186</ymax>
		</bndbox>
	</object>
</annotation>
