<annotation>
	<folder>training</folder>
	<filename>train-14.jpg</filename>
	<path>D:\pythonProjects\Success\Data science\car-detection-dataset\car-detection-dataset\training\train-14.jpg</path>
	<source>
		<database>Unknown</database>
	</source>
	<size>
		<width>640</width>
		<height>640</height>
		<depth>3</depth>
	</size>
	<segmented>0</segmented>
	<object>
		<name>car</name>
		<pose>Unspecified</pose>
		<truncated>0</truncated>
		<difficult>0</difficult>
		<bndbox>
			<xmin>405</xmin>
			<ymin>232</ymin>
			<xmax>462</xmax>
			<ymax>278</ymax>
		</bndbox>
	</object>
	<object>
		<name>car</name>
		<pose>Unspecified</pose>
		<truncated>0</truncated>
		<difficult>0</difficult>
		<bndbox>
			<xmin>570</xmin>
			<ymin>194</ymin>
			<xmax>621</xmax>
			<ymax>223</ymax>
		</bndbox>
	</object>
</annotation>
